{"cameraMode":{"drawMode":0,"name":"Shaded","section":"Shading Mode"},"sceneLighting":true,"audioPlay":false,"sceneViewState":{"m_AlwaysRefresh":false,"showFog":true,"showSkybox":true,"showFlares":true,"showImageEffects":true,"showParticleSystems":true,"showVisualEffectGraphs":true,"m_FxEnabled":true},"in2DMode":false,"pivot":{"x":333.5574035644531,"y":293.3808288574219,"z":2.682718515396118},"rotation":{"x":-0.31438392400741579,"y":-0.0037053260020911695,"z":0.0012269987491890789,"w":-0.9492884278297424},"size":138.5521240234375,"orthographic":false}